{
  "lang":"en",
  "name":"pipeline",
  "version":"0.0.0",
  "spacy_version":">=3.7.5,<3.8.0",
  "description":"",
  "author":"",
  "email":"",
  "url":"",
  "license":"",
  "spacy_git_version":"a6d0fc360",
  "vectors":{
    "width":0,
    "vectors":0,
    "keys":0,
    "name":null,
    "mode":"default"
  },
  "labels":{
    "tok2vec":[

    ],
    "ner":[
      "BLOCK",
      "CITY",
      "COUNTY",
      "LOT",
      "QUARTER",
      "RANGE",
      "SECTION",
      "STATE",
      "SUBDIVISION",
      "TOWNSHIP",
      "UNIT"
    ]
  },
  "pipeline":[
    "tok2vec",
    "ner"
  ],
  "components":[
    "tok2vec",
    "ner"
  ],
  "disabled":[

  ],
  "performance":{
    "ents_f":0.9880277772,
    "ents_p":0.9863002427,
    "ents_r":0.989761374,
    "ents_per_type":{
      "COUNTY":{
        "p":0.995460659,
        "r":0.9969691867,
        "f":0.9962143518
      },
      "STATE":{
        "p":0.9959531724,
        "r":0.9950902527,
        "f":0.9955215256
      },
      "LOT":{
        "p":0.9905759162,
        "r":0.9978902954,
        "f":0.9942196532
      },
      "BLOCK":{
        "p":0.9926799512,
        "r":0.9983640082,
        "f":0.9955138662
      },
      "SUBDIVISION":{
        "p":0.9138755981,
        "r":0.9222597779,
        "f":0.918048546
      },
      "SECTION":{
        "p":0.9850543478,
        "r":0.9958791209,
        "f":0.9904371585
      },
      "TOWNSHIP":{
        "p":0.9933774834,
        "r":1.0,
        "f":0.9966777409
      },
      "RANGE":{
        "p":0.9933554817,
        "r":0.9966666667,
        "f":0.9950083195
      },
      "CITY":{
        "p":0.9746070133,
        "r":0.9853300733,
        "f":0.9799392097
      },
      "QUARTER":{
        "p":0.9948586118,
        "r":0.9923076923,
        "f":0.9935815148
      },
      "UNIT":{
        "p":0.953125,
        "r":0.953125,
        "f":0.953125
      }
    },
    "tok2vec_loss":721.7267959289,
    "ner_loss":513.7385836811
  }
}